model,run,locus,condition,rep,scored,report_words,report_chars,status,seconds,forced_report,gene_claims,coordinate_gene_claims,annotated_cds,python_calls,python_diagnostic_outputs,shuffle_code,max_identical_paragraph_count,repeated_paragraph_chars,tool_markup_report,cds_recovered_80,gene_claims_matching_80,cds_recovered_50,gene_claims_matching_50,cds_recovered_80_including_other_orfs
deepseek-v4.1-flash,region_001__file__0,region_001,file,0,True,739,5355,end_turn,481.4,True,3,3,4,17,0,False,1,0,False,3,3,3,3,3
deepseek-v4.1-flash,region_001__file__1,region_001,file,1,True,861,5610,end_turn,493.1,True,4,4,4,23,1,False,1,0,False,4,4,4,4,4
deepseek-v4.1-flash,region_001__file__2,region_001,file,2,True,643,3650,end_turn,300.3,False,9,9,4,23,0,True,1,0,False,2,2,3,4,2
deepseek-v4.1-flash,region_001__inline__0,region_001,inline,0,True,644,4271,end_turn,278.8,False,9,9,4,16,0,True,1,0,False,3,3,4,5,3
deepseek-v4.1-flash,region_001__inline__1,region_001,inline,1,True,627,3901,end_turn,430.6,True,4,4,4,18,0,False,1,0,False,2,2,2,3,2
deepseek-v4.1-flash,region_001__inline__2,region_001,inline,2,True,441,3201,end_turn,282.4,False,2,2,4,16,0,True,1,0,False,2,2,2,2,2
deepseek-v4.1-flash,region_002__file__0,region_002,file,0,True,691,4850,end_turn,235.0,False,2,2,2,21,0,False,1,0,False,2,2,2,2,2
deepseek-v4.1-flash,region_002__file__1,region_002,file,1,True,499,3499,end_turn,132.9,False,2,2,2,14,0,False,1,0,False,2,2,2,2,2
deepseek-v4.1-flash,region_002__file__2,region_002,file,2,True,477,3580,end_turn,90.6,False,1,1,2,13,0,False,1,0,False,1,1,1,1,1
deepseek-v4.1-flash,region_002__inline__0,region_002,inline,0,True,534,3455,end_turn,235.6,True,4,4,2,19,0,False,1,0,False,2,2,2,3,2
deepseek-v4.1-flash,region_002__inline__1,region_002,inline,1,True,618,4065,end_turn,340.4,True,7,7,2,17,0,False,1,0,False,2,2,2,2,2
deepseek-v4.1-flash,region_002__inline__2,region_002,inline,2,True,590,3555,end_turn,127.8,False,2,2,2,16,2,False,1,0,False,2,2,2,2,2
deepseek-v4.1-flash,region_003__file__0,region_003,file,0,True,737,4679,end_turn,213.2,False,2,2,3,20,2,True,1,0,False,2,2,2,2,2
deepseek-v4.1-flash,region_003__file__1,region_003,file,1,True,928,5865,end_turn,208.5,True,3,3,3,17,0,False,1,0,False,2,2,3,3,2
deepseek-v4.1-flash,region_003__file__2,region_003,file,2,True,532,3460,end_turn,158.0,False,2,2,3,13,0,False,1,0,False,2,2,2,2,2
deepseek-v4.1-flash,region_003__inline__0,region_003,inline,0,True,659,4345,end_turn,260.9,True,2,2,3,19,2,False,1,0,False,2,2,2,2,2
deepseek-v4.1-flash,region_003__inline__1,region_003,inline,1,True,706,4453,end_turn,264.8,False,7,7,3,18,2,False,1,0,False,3,3,3,4,3
deepseek-v4.1-flash,region_003__inline__2,region_003,inline,2,True,606,3824,end_turn,231.6,True,3,3,3,17,0,True,1,0,False,2,2,3,3,2
deepseek-v4.1-flash,region_004__file__0,region_004,file,0,True,510,3312,end_turn,379.5,False,1,1,1,12,2,True,1,0,False,1,1,1,1,1
deepseek-v4.1-flash,region_004__file__1,region_004,file,1,True,508,3248,end_turn,177.3,False,1,1,1,8,1,False,1,0,False,1,1,1,1,1
deepseek-v4.1-flash,region_004__file__2,region_004,file,2,True,548,3592,end_turn,175.7,False,1,1,1,9,0,False,1,0,False,1,1,1,1,1
deepseek-v4.1-flash,region_004__inline__0,region_004,inline,0,True,448,2852,end_turn,214.7,False,1,1,1,11,1,False,1,0,False,1,1,1,1,1
deepseek-v4.1-flash,region_004__inline__1,region_004,inline,1,True,533,3508,end_turn,289.5,False,1,1,1,14,1,False,1,0,False,1,1,1,1,1
deepseek-v4.1-flash,region_004__inline__2,region_004,inline,2,True,551,3537,end_turn,171.4,False,1,1,1,12,0,False,1,0,False,1,1,1,1,1
deepseek-v4.1-flash,region_005__file__0,region_005,file,0,True,752,5017,end_turn,145.3,False,1,1,3,14,0,False,1,0,False,1,1,1,1,1
deepseek-v4.1-flash,region_005__file__1,region_005,file,1,True,627,3750,end_turn,150.2,True,1,1,3,17,2,False,1,0,False,1,1,1,1,1
deepseek-v4.1-flash,region_005__file__2,region_005,file,2,True,721,4555,end_turn,242.0,True,3,3,3,17,0,True,1,0,False,2,2,2,3,2
deepseek-v4.1-flash,region_005__inline__0,region_005,inline,0,True,562,3553,end_turn,203.0,True,1,1,3,18,0,True,1,0,False,1,1,1,1,1
deepseek-v4.1-flash,region_005__inline__1,region_005,inline,1,True,450,3113,end_turn,132.8,True,5,5,3,19,1,False,1,0,False,2,2,3,3,2
deepseek-v4.1-flash,region_005__inline__2,region_005,inline,2,True,667,3918,end_turn,188.8,False,11,11,3,18,0,False,1,0,False,2,2,3,3,2
deepseek-v4.1-flash,region_006__file__0,region_006,file,0,True,715,4378,end_turn,255.8,True,3,3,3,17,1,False,1,0,False,2,3,2,3,2
deepseek-v4.1-flash,region_006__file__1,region_006,file,1,True,784,4900,end_turn,244.6,True,1,1,3,17,0,True,1,0,False,1,1,1,1,1
deepseek-v4.1-flash,region_006__file__2,region_006,file,2,True,616,3961,end_turn,279.6,True,2,2,3,17,0,False,1,0,False,2,2,2,2,2
deepseek-v4.1-flash,region_006__inline__0,region_006,inline,0,True,688,4166,end_turn,226.9,True,2,2,3,18,1,True,1,0,False,2,2,2,2,2
deepseek-v4.1-flash,region_006__inline__1,region_006,inline,1,True,441,3852,end_turn,256.1,True,10,10,3,17,0,False,1,0,False,3,3,3,4,3
deepseek-v4.1-flash,region_006__inline__2,region_006,inline,2,True,695,4201,end_turn,503.5,True,12,12,3,21,0,True,1,0,False,2,3,3,4,2
deepseek-v4.1-flash,region_007__file__0,region_007,file,0,True,777,4987,end_turn,199.1,True,2,2,3,17,1,False,1,0,False,2,2,2,2,2
deepseek-v4.1-flash,region_007__file__1,region_007,file,1,True,579,3709,end_turn,116.0,False,4,4,3,14,0,False,1,0,False,1,1,2,2,1
deepseek-v4.1-flash,region_007__file__2,region_007,file,2,True,503,3246,end_turn,180.2,False,8,8,3,15,0,False,1,0,False,2,2,3,4,2
deepseek-v4.1-flash,region_007__inline__0,region_007,inline,0,True,354,2623,end_turn,102.4,False,2,2,3,12,0,False,1,0,False,2,2,2,2,2
deepseek-v4.1-flash,region_007__inline__1,region_007,inline,1,True,350,2372,end_turn,240.6,True,4,4,3,18,1,False,1,0,False,3,3,3,4,3
deepseek-v4.1-flash,region_007__inline__2,region_007,inline,2,True,512,3143,end_turn,125.8,False,5,5,3,14,0,False,1,0,False,3,3,3,4,3
deepseek-v4.1-flash,region_008__file__0,region_008,file,0,True,1769,10034,max_tokens,607.2,True,5,5,4,18,1,False,20,6748,False,4,4,4,5,4
deepseek-v4.1-flash,region_008__file__1,region_008,file,1,True,795,5267,end_turn,303.1,True,4,4,4,16,0,False,1,0,False,4,4,4,4,4
deepseek-v4.1-flash,region_008__file__2,region_008,file,2,True,827,5183,end_turn,403.7,True,4,4,4,17,2,True,1,0,False,4,4,4,4,4
deepseek-v4.1-flash,region_008__inline__0,region_008,inline,0,True,685,4477,end_turn,639.8,False,5,5,4,17,0,False,1,0,False,4,4,4,4,4
deepseek-v4.1-flash,region_008__inline__1,region_008,inline,1,False,0,0,max_tokens,723.3,True,0,0,4,18,0,False,0,0,False,0,0,0,0,0
deepseek-v4.1-flash,region_008__inline__2,region_008,inline,2,True,533,3352,end_turn,300.3,True,9,9,4,18,1,False,1,0,False,4,5,4,5,4
deepseek-v4.1-flash,region_009__file__0,region_009,file,0,True,792,4929,end_turn,242.4,True,5,5,5,17,0,False,1,0,False,3,3,4,4,3
deepseek-v4.1-flash,region_009__file__1,region_009,file,1,True,683,4552,end_turn,326.7,True,8,8,5,25,0,False,1,0,False,4,4,4,5,4
deepseek-v4.1-flash,region_009__file__2,region_009,file,2,True,580,3646,end_turn,207.0,True,6,6,5,17,0,True,1,0,False,3,3,4,4,3
deepseek-v4.1-flash,region_009__inline__0,region_009,inline,0,True,480,3357,end_turn,278.4,True,7,7,5,18,1,False,1,0,False,3,3,4,4,3
deepseek-v4.1-flash,region_009__inline__1,region_009,inline,1,True,554,3235,end_turn,151.6,False,10,10,5,8,0,False,1,0,False,4,4,5,5,4
deepseek-v4.1-flash,region_009__inline__2,region_009,inline,2,True,1094,7564,end_turn,311.0,True,4,4,5,24,2,True,1,0,False,4,4,4,4,4
deepseek-v4.1-flash,region_010__file__0,region_010,file,0,True,492,3322,end_turn,109.2,False,1,1,3,12,0,True,1,0,False,1,1,1,1,1
deepseek-v4.1-flash,region_010__file__1,region_010,file,1,True,687,4066,end_turn,86.1,False,1,1,3,12,0,False,1,0,False,1,1,1,1,1
deepseek-v4.1-flash,region_010__file__2,region_010,file,2,True,678,4496,end_turn,225.4,True,2,2,3,18,2,False,1,0,False,1,1,2,2,1
deepseek-v4.1-flash,region_010__inline__0,region_010,inline,0,True,485,3233,end_turn,232.4,False,2,2,3,15,1,False,1,0,False,2,2,2,2,2
deepseek-v4.1-flash,region_010__inline__1,region_010,inline,1,True,454,3196,end_turn,329.8,False,2,2,3,14,0,False,1,0,False,2,2,2,2,2
deepseek-v4.1-flash,region_010__inline__2,region_010,inline,2,True,532,3967,end_turn,342.4,True,2,2,3,18,1,False,1,0,False,2,2,2,2,2
deepseek-v4.1-flash,region_011__file__0,region_011,file,0,True,631,4082,end_turn,141.3,True,2,2,3,16,2,False,1,0,False,2,2,2,2,2
deepseek-v4.1-flash,region_011__file__1,region_011,file,1,True,595,3602,end_turn,348.7,False,2,2,3,25,1,False,1,0,False,2,2,2,2,2
deepseek-v4.1-flash,region_011__file__2,region_011,file,2,True,506,3180,end_turn,287.0,True,1,1,3,17,0,True,1,0,False,1,1,1,1,1
deepseek-v4.1-flash,region_011__inline__0,region_011,inline,0,True,875,5364,end_turn,247.5,True,1,1,3,19,1,False,1,0,False,1,1,1,1,1
deepseek-v4.1-flash,region_011__inline__1,region_011,inline,1,True,626,3821,end_turn,379.8,True,8,8,3,20,1,False,1,0,False,3,3,3,3,3
deepseek-v4.1-flash,region_011__inline__2,region_011,inline,2,True,595,3955,end_turn,205.7,False,2,2,3,15,1,False,1,0,False,2,2,2,2,2
deepseek-v4.1-flash,region_012__file__0,region_012,file,0,True,818,5168,end_turn,349.9,True,3,3,4,18,0,False,1,0,False,3,3,3,3,3
deepseek-v4.1-flash,region_012__file__1,region_012,file,1,True,614,3842,end_turn,293.3,True,4,4,4,17,2,False,1,0,False,4,4,4,4,4
deepseek-v4.1-flash,region_012__file__2,region_012,file,2,True,527,3554,end_turn,192.6,True,4,4,4,17,0,True,1,0,False,3,3,3,4,3
deepseek-v4.1-flash,region_012__inline__0,region_012,inline,0,True,701,4558,end_turn,298.5,True,7,7,4,17,1,False,1,0,False,3,3,4,4,3
deepseek-v4.1-flash,region_012__inline__1,region_012,inline,1,True,601,3795,end_turn,358.2,True,3,3,4,19,0,True,1,0,False,3,3,3,3,3
deepseek-v4.1-flash,region_012__inline__2,region_012,inline,2,True,723,4525,end_turn,240.4,True,3,3,4,19,1,False,1,0,False,3,3,3,3,3
glm-5.3-flash,region_001__file__0,region_001,file,0,True,377,2395,end_turn,140.7,False,1,1,4,7,3,False,1,0,False,0,0,1,1,0
glm-5.3-flash,region_001__file__1,region_001,file,1,True,389,2473,end_turn,203.0,False,2,2,4,7,0,False,1,0,False,1,1,2,2,1
glm-5.3-flash,region_001__file__2,region_001,file,2,True,537,3293,end_turn,178.8,True,3,3,4,17,4,False,1,0,False,2,2,2,3,2
glm-5.3-flash,region_001__inline__0,region_001,inline,0,True,1103,6499,end_turn,225.8,False,10,10,4,12,4,True,1,0,False,3,3,4,5,3
glm-5.3-flash,region_001__inline__1,region_001,inline,1,True,334,2197,end_turn,283.2,True,9,9,4,19,3,False,1,0,False,3,3,4,5,3
glm-5.3-flash,region_001__inline__2,region_001,inline,2,True,821,5013,end_turn,662.5,False,6,6,4,14,6,True,1,0,False,3,3,4,5,3
glm-5.3-flash,region_002__file__0,region_002,file,0,True,411,2889,end_turn,173.2,False,1,1,2,7,0,False,1,0,False,1,1,1,1,1
glm-5.3-flash,region_002__file__1,region_002,file,1,True,403,2754,end_turn,292.7,True,0,0,2,17,0,False,1,0,False,0,0,0,0,0
glm-5.3-flash,region_002__file__2,region_002,file,2,True,432,2873,end_turn,361.8,True,0,0,2,17,2,False,1,0,False,0,0,0,0,0
glm-5.3-flash,region_002__inline__0,region_002,inline,0,True,339,2343,end_turn,85.8,False,2,2,2,4,0,False,1,0,False,2,2,2,2,2
glm-5.3-flash,region_002__inline__1,region_002,inline,1,True,838,5412,end_turn,330.3,True,0,0,2,19,3,False,1,0,False,0,0,0,0,0
glm-5.3-flash,region_002__inline__2,region_002,inline,2,True,1001,6890,end_turn,419.8,True,2,2,2,25,6,False,1,0,False,2,2,2,2,2
glm-5.3-flash,region_003__file__0,region_003,file,0,True,393,2540,end_turn,256.9,False,2,2,3,10,1,False,1,0,False,2,2,2,2,2
glm-5.3-flash,region_003__file__1,region_003,file,1,True,549,3444,end_turn,239.2,False,3,3,3,11,2,False,1,0,False,3,3,3,3,3
glm-5.3-flash,region_003__file__2,region_003,file,2,True,550,3761,end_turn,705.7,True,2,2,3,16,6,True,1,0,False,2,2,2,2,2
glm-5.3-flash,region_003__inline__0,region_003,inline,0,True,796,5336,end_turn,213.1,True,3,3,3,18,2,True,1,0,False,2,2,3,3,2
glm-5.3-flash,region_003__inline__1,region_003,inline,1,False,0,0,end_turn,90.7,True,0,0,3,18,3,True,0,0,False,0,0,0,0,0
glm-5.3-flash,region_003__inline__2,region_003,inline,2,True,666,3941,end_turn,96.7,False,1,1,3,12,1,False,1,0,False,1,1,1,1,1
glm-5.3-flash,region_004__file__0,region_004,file,0,True,603,3823,end_turn,534.7,False,1,1,1,16,5,False,1,0,False,1,1,1,1,1
glm-5.3-flash,region_004__file__1,region_004,file,1,True,630,4028,end_turn,403.2,True,2,2,1,19,7,False,1,0,False,1,1,1,1,1
glm-5.3-flash,region_004__file__2,region_004,file,2,True,666,4227,end_turn,152.8,True,1,1,1,14,1,False,1,0,False,1,1,1,1,1
glm-5.3-flash,region_004__inline__0,region_004,inline,0,True,554,3730,end_turn,271.6,True,1,1,1,23,4,False,1,0,False,1,1,1,1,1
glm-5.3-flash,region_004__inline__1,region_004,inline,1,True,642,3861,end_turn,276.3,False,2,2,1,15,3,False,1,0,False,1,2,1,2,1
glm-5.3-flash,region_004__inline__2,region_004,inline,2,True,562,3774,end_turn,103.3,True,1,1,1,18,3,False,1,0,False,1,1,1,1,1
glm-5.3-flash,region_005__file__0,region_005,file,0,True,553,3399,end_turn,556.8,False,2,2,3,14,4,False,1,0,False,2,2,2,2,2
glm-5.3-flash,region_005__file__1,region_005,file,1,True,564,3343,end_turn,57.3,False,2,2,3,9,1,False,1,0,False,1,1,2,2,1
glm-5.3-flash,region_005__file__2,region_005,file,2,True,430,3147,end_turn,138.0,True,4,4,3,17,1,False,1,0,False,1,1,2,4,1
glm-5.3-flash,region_005__inline__0,region_005,inline,0,True,827,5385,end_turn,821.6,True,4,4,3,19,4,True,1,0,False,1,1,2,2,1
glm-5.3-flash,region_005__inline__1,region_005,inline,1,True,604,3480,end_turn,473.2,True,5,5,3,19,4,False,1,0,False,2,2,3,3,2
glm-5.3-flash,region_005__inline__2,region_005,inline,2,True,622,4103,end_turn,516.3,False,0,0,3,19,1,False,1,0,False,0,0,0,0,0
glm-5.3-flash,region_006__file__0,region_006,file,0,False,0,0,max_tokens,424.3,True,0,0,3,18,6,False,0,0,False,0,0,0,0,0
glm-5.3-flash,region_006__file__1,region_006,file,1,True,518,3635,end_turn,165.8,True,2,2,3,17,2,False,1,0,False,1,1,2,2,1
glm-5.3-flash,region_006__file__2,region_006,file,2,True,739,4695,end_turn,110.2,False,0,0,3,11,2,False,1,0,False,0,0,0,0,0
glm-5.3-flash,region_006__inline__0,region_006,inline,0,True,556,3361,end_turn,164.8,True,0,0,3,18,2,False,1,0,False,0,0,0,0,0
glm-5.3-flash,region_006__inline__1,region_006,inline,1,False,0,0,max_tokens,1011.3,True,0,0,3,20,3,False,0,0,False,0,0,0,0,0
glm-5.3-flash,region_006__inline__2,region_006,inline,2,True,555,3442,end_turn,807.3,False,3,3,3,18,3,False,1,0,False,3,3,3,3,3
glm-5.3-flash,region_007__file__0,region_007,file,0,True,739,4893,end_turn,1053.8,True,1,1,3,17,2,False,1,0,False,1,1,1,1,1
glm-5.3-flash,region_007__file__1,region_007,file,1,True,745,4901,end_turn,492.0,False,2,2,3,16,3,False,1,0,False,2,2,2,2,2
glm-5.3-flash,region_007__file__2,region_007,file,2,True,588,3834,end_turn,497.4,False,2,2,3,13,3,False,1,0,False,1,1,2,2,1
glm-5.3-flash,region_007__inline__0,region_007,inline,0,True,721,4618,end_turn,205.5,False,2,2,3,11,1,True,1,0,False,2,2,2,2,2
glm-5.3-flash,region_007__inline__1,region_007,inline,1,True,400,2499,end_turn,76.7,False,1,1,3,4,1,False,1,0,False,1,1,1,1,1
glm-5.3-flash,region_007__inline__2,region_007,inline,2,True,487,3199,end_turn,626.0,False,3,3,3,17,6,False,1,0,False,2,2,2,3,2
glm-5.3-flash,region_008__file__0,region_008,file,0,True,708,4326,end_turn,249.0,False,6,6,4,16,2,True,1,0,False,3,4,4,5,3
glm-5.3-flash,region_008__file__1,region_008,file,1,True,103,2142,end_turn,819.3,True,0,0,4,17,1,False,1,0,True,0,0,0,0,0
glm-5.3-flash,region_008__file__2,region_008,file,2,True,819,5079,end_turn,129.8,False,7,7,4,27,2,False,1,0,False,3,4,4,5,3
glm-5.3-flash,region_008__inline__0,region_008,inline,0,True,814,5128,end_turn,470.9,True,2,2,4,18,1,False,1,0,False,2,2,2,2,2
glm-5.3-flash,region_008__inline__1,region_008,inline,1,False,0,0,max_tokens,130.0,True,0,0,4,18,3,False,0,0,False,0,0,0,0,0
glm-5.3-flash,region_008__inline__2,region_008,inline,2,False,0,0,max_tokens,562.3,False,0,0,4,0,0,False,0,0,False,0,0,0,0,0
glm-5.3-flash,region_009__file__0,region_009,file,0,False,0,0,max_tokens,250.9,True,0,0,5,17,3,False,0,0,False,0,0,0,0,0
glm-5.3-flash,region_009__file__1,region_009,file,1,False,0,0,max_tokens,207.1,False,0,0,5,7,3,False,0,0,False,0,0,0,0,0
glm-5.3-flash,region_009__file__2,region_009,file,2,False,0,0,max_tokens,1453.5,True,0,0,5,17,4,False,0,0,False,0,0,0,0,0
glm-5.3-flash,region_009__inline__0,region_009,inline,0,True,553,3566,end_turn,647.9,True,1,1,5,19,2,False,1,0,False,1,1,1,1,2
glm-5.3-flash,region_009__inline__1,region_009,inline,1,True,666,3860,end_turn,174.9,True,6,5,5,18,2,False,1,0,False,3,3,4,4,3
glm-5.3-flash,region_009__inline__2,region_009,inline,2,True,665,4239,end_turn,134.9,True,0,0,5,19,2,False,1,0,False,0,0,0,0,0
glm-5.3-flash,region_010__file__0,region_010,file,0,True,548,3441,end_turn,604.5,True,2,2,3,17,3,False,1,0,False,2,2,2,2,2
glm-5.3-flash,region_010__file__1,region_010,file,1,True,883,5119,end_turn,1267.3,False,2,2,3,29,8,False,1,0,False,2,2,2,2,2
glm-5.3-flash,region_010__file__2,region_010,file,2,True,564,3741,end_turn,690.7,True,0,0,3,17,1,False,1,0,False,0,0,0,0,1
glm-5.3-flash,region_010__inline__0,region_010,inline,0,False,0,0,max_tokens,237.3,False,0,0,3,7,1,False,0,0,False,0,0,0,0,0
glm-5.3-flash,region_010__inline__1,region_010,inline,1,True,665,4846,end_turn,588.2,False,1,1,3,14,1,False,1,0,False,1,1,1,1,1
glm-5.3-flash,region_010__inline__2,region_010,inline,2,True,586,3942,end_turn,584.0,True,0,0,3,18,4,False,1,0,False,0,0,0,0,0
glm-5.3-flash,region_011__file__0,region_011,file,0,True,502,3192,end_turn,197.5,True,20,20,3,17,2,False,1,0,False,2,8,2,14,2
glm-5.3-flash,region_011__file__1,region_011,file,1,True,375,2374,end_turn,246.3,False,4,4,3,10,2,False,1,0,False,3,3,3,3,3
glm-5.3-flash,region_011__file__2,region_011,file,2,True,698,4476,end_turn,198.7,True,4,4,3,17,4,False,1,0,False,3,3,3,3,3
glm-5.3-flash,region_011__inline__0,region_011,inline,0,True,592,3776,end_turn,255.5,True,5,5,3,18,0,False,1,0,False,3,3,3,3,3
glm-5.3-flash,region_011__inline__1,region_011,inline,1,True,544,3309,end_turn,530.8,True,1,1,3,23,8,False,1,0,False,1,1,1,1,1
glm-5.3-flash,region_011__inline__2,region_011,inline,2,True,569,3869,end_turn,247.1,False,3,3,3,13,3,False,1,0,False,2,2,2,2,2
glm-5.3-flash,region_012__file__0,region_012,file,0,True,939,5637,end_turn,156.1,True,9,9,4,18,3,False,1,0,False,3,3,4,4,3
glm-5.3-flash,region_012__file__1,region_012,file,1,True,644,4341,end_turn,492.8,True,0,0,4,16,3,False,1,0,False,0,0,0,0,0
glm-5.3-flash,region_012__file__2,region_012,file,2,True,619,3579,max_tokens,228.0,True,8,8,4,17,5,False,1,0,False,1,1,3,3,1
glm-5.3-flash,region_012__inline__0,region_012,inline,0,True,1073,6718,end_turn,1709.8,True,7,7,4,18,4,False,1,0,False,3,3,4,4,3
glm-5.3-flash,region_012__inline__1,region_012,inline,1,True,669,4109,end_turn,391.6,True,5,5,4,19,1,False,1,0,False,3,3,3,3,3
glm-5.3-flash,region_012__inline__2,region_012,inline,2,True,766,5015,end_turn,521.7,False,3,3,4,11,1,False,1,0,False,3,3,3,3,3
